dmu,dr,n_reps,health_count,tumor_max_count,done_count,tumor_min_count,fraction
0.0001,0.0,10,2,0,8,0,0.8
0.0001,0.0015789473684210526,10,0,1,9,0,1.0
0.0001,0.003157894736842105,10,0,10,0,0,1.0
0.0001,0.004736842105263158,10,0,10,0,0,1.0
0.0001,0.00631578947368421,10,0,10,0,0,1.0
0.0001,0.007894736842105263,10,0,10,0,0,1.0
0.0001,0.009473684210526316,10,0,10,0,0,1.0
0.0001,0.011052631578947368,10,0,10,0,0,1.0
0.0001,0.01263157894736842,10,0,10,0,0,1.0
0.0001,0.014210526315789474,10,0,10,0,0,1.0
0.0001,0.015789473684210527,10,0,10,0,0,1.0
0.0001,0.017368421052631578,10,0,10,0,0,1.0
0.0001,0.018947368421052633,10,0,10,0,0,1.0
0.0001,0.020526315789473684,10,0,10,0,0,1.0
0.0001,0.022105263157894735,10,0,10,0,0,1.0
0.0001,0.02368421052631579,10,0,10,0,0,1.0
0.0001,0.02526315789473684,10,0,10,0,0,1.0
0.0001,0.026842105263157896,10,0,10,0,0,1.0
0.0001,0.028421052631578948,10,0,10,0,0,1.0
0.0001,0.03,10,0,10,0,0,1.0
0.0022,0.0,10,8,0,2,0,0.2
0.0022,0.0015789473684210526,10,0,10,0,0,1.0
0.0022,0.003157894736842105,10,0,10,0,0,1.0
0.0022,0.004736842105263158,10,0,10,0,0,1.0
0.0022,0.00631578947368421,10,0,10,0,0,1.0
0.0022,0.007894736842105263,10,0,10,0,0,1.0
0.0022,0.009473684210526316,10,0,10,0,0,1.0
0.0022,0.011052631578947368,10,0,10,0,0,1.0
0.0022,0.01263157894736842,10,0,10,0,0,1.0
0.0022,0.014210526315789474,10,0,10,0,0,1.0
0.0022,0.015789473684210527,10,0,10,0,0,1.0
0.0022,0.017368421052631578,10,0,10,0,0,1.0
0.0022,0.018947368421052633,10,0,10,0,0,1.0
0.0022,0.020526315789473684,10,0,10,0,0,1.0
0.0022,0.022105263157894735,10,0,10,0,0,1.0
0.0022,0.02368421052631579,10,0,10,0,0,1.0
0.0022,0.02526315789473684,10,0,10,0,0,1.0
0.0022,0.026842105263157896,10,0,10,0,0,1.0
0.0022,0.028421052631578948,10,0,10,0,0,1.0
0.0022,0.03,10,0,10,0,0,1.0
0.0043,0.0,10,10,0,0,0,0.0
0.0043,0.0015789473684210526,10,0,10,0,0,1.0
0.0043,0.003157894736842105,10,0,10,0,0,1.0
0.0043,0.004736842105263158,10,0,10,0,0,1.0
0.0043,0.00631578947368421,10,0,10,0,0,1.0
0.0043,0.007894736842105263,10,0,10,0,0,1.0
0.0043,0.009473684210526316,10,0,10,0,0,1.0
0.0043,0.011052631578947368,10,0,10,0,0,1.0
0.0043,0.01263157894736842,10,0,10,0,0,1.0
0.0043,0.014210526315789474,10,0,10,0,0,1.0
0.0043,0.015789473684210527,10,0,10,0,0,1.0
0.0043,0.017368421052631578,10,0,10,0,0,1.0
0.0043,0.018947368421052633,10,0,10,0,0,1.0
0.0043,0.020526315789473684,10,0,10,0,0,1.0
0.0043,0.022105263157894735,10,0,10,0,0,1.0
0.0043,0.02368421052631579,10,0,10,0,0,1.0
0.0043,0.02526315789473684,10,0,10,0,0,1.0
0.0043,0.026842105263157896,10,0,10,0,0,1.0
0.0043,0.028421052631578948,10,0,10,0,0,1.0
0.0043,0.03,10,0,10,0,0,1.0
0.0064,0.0,10,10,0,0,0,0.0
0.0064,0.0015789473684210526,10,1,9,0,0,0.9
0.0064,0.003157894736842105,10,0,10,0,0,1.0
0.0064,0.004736842105263158,10,0,10,0,0,1.0
0.0064,0.00631578947368421,10,0,10,0,0,1.0
0.0064,0.007894736842105263,10,0,10,0,0,1.0
0.0064,0.009473684210526316,10,0,10,0,0,1.0
0.0064,0.011052631578947368,10,0,10,0,0,1.0
0.0064,0.01263157894736842,10,0,10,0,0,1.0
0.0064,0.014210526315789474,10,0,10,0,0,1.0
0.0064,0.015789473684210527,10,0,10,0,0,1.0
0.0064,0.017368421052631578,10,0,10,0,0,1.0
0.0064,0.018947368421052633,10,0,10,0,0,1.0
0.0064,0.020526315789473684,10,0,10,0,0,1.0
0.0064,0.022105263157894735,10,0,10,0,0,1.0
0.0064,0.02368421052631579,10,0,10,0,0,1.0
0.0064,0.02526315789473684,10,0,10,0,0,1.0
0.0064,0.026842105263157896,10,0,10,0,0,1.0
0.0064,0.028421052631578948,10,0,10,0,0,1.0
0.0064,0.03,10,0,10,0,0,1.0
0.0085,0.0,10,10,0,0,0,0.0
0.0085,0.0015789473684210526,10,2,0,8,0,0.8
0.0085,0.003157894736842105,10,0,10,0,0,1.0
0.0085,0.004736842105263158,10,0,10,0,0,1.0
0.0085,0.00631578947368421,10,0,10,0,0,1.0
0.0085,0.007894736842105263,10,0,10,0,0,1.0
0.0085,0.009473684210526316,10,0,10,0,0,1.0
0.0085,0.011052631578947368,10,0,10,0,0,1.0
0.0085,0.01263157894736842,10,0,10,0,0,1.0
0.0085,0.014210526315789474,10,0,10,0,0,1.0
0.0085,0.015789473684210527,10,0,10,0,0,1.0
0.0085,0.017368421052631578,10,0,10,0,0,1.0
0.0085,0.018947368421052633,10,0,10,0,0,1.0
0.0085,0.020526315789473684,10,0,10,0,0,1.0
0.0085,0.022105263157894735,10,0,10,0,0,1.0
0.0085,0.02368421052631579,10,0,10,0,0,1.0
0.0085,0.02526315789473684,10,0,10,0,0,1.0
0.0085,0.026842105263157896,10,0,10,0,0,1.0
0.0085,0.028421052631578948,10,0,10,0,0,1.0
0.0085,0.03,10,0,10,0,0,1.0
0.0106,0.0,10,10,0,0,0,0.0
0.0106,0.0015789473684210526,10,10,0,0,0,0.0
0.0106,0.003157894736842105,10,0,10,0,0,1.0
0.0106,0.004736842105263158,10,0,10,0,0,1.0
0.0106,0.00631578947368421,10,0,10,0,0,1.0
0.0106,0.007894736842105263,10,0,10,0,0,1.0
0.0106,0.009473684210526316,10,0,10,0,0,1.0
0.0106,0.011052631578947368,10,0,10,0,0,1.0
0.0106,0.01263157894736842,10,0,10,0,0,1.0
0.0106,0.014210526315789474,10,0,10,0,0,1.0
0.0106,0.015789473684210527,10,0,10,0,0,1.0
0.0106,0.017368421052631578,10,0,10,0,0,1.0
0.0106,0.018947368421052633,10,0,10,0,0,1.0
0.0106,0.020526315789473684,10,0,10,0,0,1.0
0.0106,0.022105263157894735,10,0,10,0,0,1.0
0.0106,0.02368421052631579,10,0,10,0,0,1.0
0.0106,0.02526315789473684,10,0,10,0,0,1.0
0.0106,0.026842105263157896,10,0,10,0,0,1.0
0.0106,0.028421052631578948,10,0,10,0,0,1.0
0.0106,0.03,10,0,10,0,0,1.0
0.0127,0.0,10,10,0,0,0,0.0
0.0127,0.0015789473684210526,10,10,0,0,0,0.0
0.0127,0.003157894736842105,10,0,10,0,0,1.0
0.0127,0.004736842105263158,10,0,10,0,0,1.0
0.0127,0.00631578947368421,10,0,10,0,0,1.0
0.0127,0.007894736842105263,10,0,10,0,0,1.0
0.0127,0.009473684210526316,10,0,10,0,0,1.0
0.0127,0.011052631578947368,10,0,10,0,0,1.0
0.0127,0.01263157894736842,10,0,10,0,0,1.0
0.0127,0.014210526315789474,10,0,10,0,0,1.0
0.0127,0.015789473684210527,10,0,10,0,0,1.0
0.0127,0.017368421052631578,10,0,10,0,0,1.0
0.0127,0.018947368421052633,10,0,10,0,0,1.0
0.0127,0.020526315789473684,10,0,10,0,0,1.0
0.0127,0.022105263157894735,10,0,10,0,0,1.0
0.0127,0.02368421052631579,10,0,10,0,0,1.0
0.0127,0.02526315789473684,10,0,10,0,0,1.0
0.0127,0.026842105263157896,10,0,10,0,0,1.0
0.0127,0.028421052631578948,10,0,10,0,0,1.0
0.0127,0.03,10,0,10,0,0,1.0
0.0148,0.0,10,10,0,0,0,0.0
0.0148,0.0015789473684210526,10,10,0,0,0,0.0
0.0148,0.003157894736842105,10,5,0,5,0,0.5
0.0148,0.004736842105263158,10,0,10,0,0,1.0
0.0148,0.00631578947368421,10,0,10,0,0,1.0
0.0148,0.007894736842105263,10,0,10,0,0,1.0
0.0148,0.009473684210526316,10,0,10,0,0,1.0
0.0148,0.011052631578947368,10,0,10,0,0,1.0
0.0148,0.01263157894736842,10,0,10,0,0,1.0
0.0148,0.014210526315789474,10,0,10,0,0,1.0
0.0148,0.015789473684210527,10,0,10,0,0,1.0
0.0148,0.017368421052631578,10,0,10,0,0,1.0
0.0148,0.018947368421052633,10,0,10,0,0,1.0
0.0148,0.020526315789473684,10,0,10,0,0,1.0
0.0148,0.022105263157894735,10,0,10,0,0,1.0
0.0148,0.02368421052631579,10,0,10,0,0,1.0
0.0148,0.02526315789473684,10,0,10,0,0,1.0
0.0148,0.026842105263157896,10,0,10,0,0,1.0
0.0148,0.028421052631578948,10,0,10,0,0,1.0
0.0148,0.03,10,0,10,0,0,1.0
0.0169,0.0,10,10,0,0,0,0.0
0.0169,0.0015789473684210526,10,10,0,0,0,0.0
0.0169,0.003157894736842105,10,10,0,0,0,0.0
0.0169,0.004736842105263158,10,0,4,6,0,1.0
0.0169,0.00631578947368421,10,0,10,0,0,1.0
0.0169,0.007894736842105263,10,0,10,0,0,1.0
0.0169,0.009473684210526316,10,0,10,0,0,1.0
0.0169,0.011052631578947368,10,0,10,0,0,1.0
0.0169,0.01263157894736842,10,0,10,0,0,1.0
0.0169,0.014210526315789474,10,0,10,0,0,1.0
0.0169,0.015789473684210527,10,0,10,0,0,1.0
0.0169,0.017368421052631578,10,0,10,0,0,1.0
0.0169,0.018947368421052633,10,0,10,0,0,1.0
0.0169,0.020526315789473684,10,0,10,0,0,1.0
0.0169,0.022105263157894735,10,0,10,0,0,1.0
0.0169,0.02368421052631579,10,0,10,0,0,1.0
0.0169,0.02526315789473684,10,0,10,0,0,1.0
0.0169,0.026842105263157896,10,0,10,0,0,1.0
0.0169,0.028421052631578948,10,0,10,0,0,1.0
0.0169,0.03,10,0,10,0,0,1.0
0.019,0.0,10,10,0,0,0,0.0
0.019,0.0015789473684210526,10,10,0,0,0,0.0
0.019,0.003157894736842105,10,10,0,0,0,0.0
0.019,0.004736842105263158,10,3,0,7,0,0.7
0.019,0.00631578947368421,10,0,10,0,0,1.0
0.019,0.007894736842105263,10,0,10,0,0,1.0
0.019,0.009473684210526316,10,0,10,0,0,1.0
0.019,0.011052631578947368,10,0,10,0,0,1.0
0.019,0.01263157894736842,10,0,10,0,0,1.0
0.019,0.014210526315789474,10,0,10,0,0,1.0
0.019,0.015789473684210527,10,0,10,0,0,1.0
0.019,0.017368421052631578,10,0,10,0,0,1.0
0.019,0.018947368421052633,10,0,10,0,0,1.0
0.019,0.020526315789473684,10,0,10,0,0,1.0
0.019,0.022105263157894735,10,0,10,0,0,1.0
0.019,0.02368421052631579,10,0,10,0,0,1.0
0.019,0.02526315789473684,10,0,10,0,0,1.0
0.019,0.026842105263157896,10,0,10,0,0,1.0
0.019,0.028421052631578948,10,0,10,0,0,1.0
0.019,0.03,10,0,10,0,0,1.0
0.0211,0.0,10,10,0,0,0,0.0
0.0211,0.0015789473684210526,10,10,0,0,0,0.0
0.0211,0.003157894736842105,10,10,0,0,0,0.0
0.0211,0.004736842105263158,10,10,0,0,0,0.0
0.0211,0.00631578947368421,10,0,0,10,0,1.0
0.0211,0.007894736842105263,10,0,10,0,0,1.0
0.0211,0.009473684210526316,10,0,10,0,0,1.0
0.0211,0.011052631578947368,10,0,10,0,0,1.0
0.0211,0.01263157894736842,10,0,10,0,0,1.0
0.0211,0.014210526315789474,10,0,10,0,0,1.0
0.0211,0.015789473684210527,10,0,10,0,0,1.0
0.0211,0.017368421052631578,10,0,10,0,0,1.0
0.0211,0.018947368421052633,10,0,10,0,0,1.0
0.0211,0.020526315789473684,10,0,10,0,0,1.0
0.0211,0.022105263157894735,10,0,10,0,0,1.0
0.0211,0.02368421052631579,10,0,10,0,0,1.0
0.0211,0.02526315789473684,10,0,10,0,0,1.0
0.0211,0.026842105263157896,10,0,10,0,0,1.0
0.0211,0.028421052631578948,10,0,10,0,0,1.0
0.0211,0.03,10,0,10,0,0,1.0
0.0232,0.0,10,10,0,0,0,0.0
0.0232,0.0015789473684210526,10,10,0,0,0,0.0
0.0232,0.003157894736842105,10,10,0,0,0,0.0
0.0232,0.004736842105263158,10,10,0,0,0,0.0
0.0232,0.00631578947368421,10,10,0,0,0,0.0
0.0232,0.007894736842105263,10,0,0,10,0,1.0
0.0232,0.009473684210526316,10,0,3,7,0,1.0
0.0232,0.011052631578947368,10,0,10,0,0,1.0
0.0232,0.01263157894736842,10,0,10,0,0,1.0
0.0232,0.014210526315789474,10,0,10,0,0,1.0
0.0232,0.015789473684210527,10,0,10,0,0,1.0
0.0232,0.017368421052631578,10,0,10,0,0,1.0
0.0232,0.018947368421052633,10,0,10,0,0,1.0
0.0232,0.020526315789473684,10,0,10,0,0,1.0
0.0232,0.022105263157894735,10,0,10,0,0,1.0
0.0232,0.02368421052631579,10,0,10,0,0,1.0
0.0232,0.02526315789473684,10,0,10,0,0,1.0
0.0232,0.026842105263157896,10,0,10,0,0,1.0
0.0232,0.028421052631578948,10,0,10,0,0,1.0
0.0232,0.03,10,0,10,0,0,1.0
0.0253,0.0,10,10,0,0,0,0.0
0.0253,0.0015789473684210526,10,10,0,0,0,0.0
0.0253,0.003157894736842105,10,10,0,0,0,0.0
0.0253,0.004736842105263158,10,10,0,0,0,0.0
0.0253,0.00631578947368421,10,10,0,0,0,0.0
0.0253,0.007894736842105263,10,10,0,0,0,0.0
0.0253,0.009473684210526316,10,10,0,0,0,0.0
0.0253,0.011052631578947368,10,10,0,0,0,0.0
0.0253,0.01263157894736842,10,2,8,0,0,0.8
0.0253,0.014210526315789474,10,1,9,0,0,0.9
0.0253,0.015789473684210527,10,0,10,0,0,1.0
0.0253,0.017368421052631578,10,0,10,0,0,1.0
0.0253,0.018947368421052633,10,0,10,0,0,1.0
0.0253,0.020526315789473684,10,0,10,0,0,1.0
0.0253,0.022105263157894735,10,0,10,0,0,1.0
0.0253,0.02368421052631579,10,0,10,0,0,1.0
0.0253,0.02526315789473684,10,0,10,0,0,1.0
0.0253,0.026842105263157896,10,0,10,0,0,1.0
0.0253,0.028421052631578948,10,0,10,0,0,1.0
0.0253,0.03,10,0,10,0,0,1.0
0.0274,0.0,10,10,0,0,0,0.0
0.0274,0.0015789473684210526,10,10,0,0,0,0.0
0.0274,0.003157894736842105,10,10,0,0,0,0.0
0.0274,0.004736842105263158,10,10,0,0,0,0.0
0.0274,0.00631578947368421,10,10,0,0,0,0.0
0.0274,0.007894736842105263,10,10,0,0,0,0.0
0.0274,0.009473684210526316,10,10,0,0,0,0.0
0.0274,0.011052631578947368,10,10,0,0,0,0.0
0.0274,0.01263157894736842,10,10,0,0,0,0.0
0.0274,0.014210526315789474,10,10,0,0,0,0.0
0.0274,0.015789473684210527,10,6,4,0,0,0.4
0.0274,0.017368421052631578,10,3,7,0,0,0.7
0.0274,0.018947368421052633,10,1,9,0,0,0.9
0.0274,0.020526315789473684,10,0,10,0,0,1.0
0.0274,0.022105263157894735,10,0,10,0,0,1.0
0.0274,0.02368421052631579,10,0,10,0,0,1.0
0.0274,0.02526315789473684,10,0,10,0,0,1.0
0.0274,0.026842105263157896,10,0,10,0,0,1.0
0.0274,0.028421052631578948,10,0,10,0,0,1.0
0.0274,0.03,10,0,10,0,0,1.0
0.0295,0.0,10,10,0,0,0,0.0
0.0295,0.0015789473684210526,10,10,0,0,0,0.0
0.0295,0.003157894736842105,10,10,0,0,0,0.0
0.0295,0.004736842105263158,10,10,0,0,0,0.0
0.0295,0.00631578947368421,10,10,0,0,0,0.0
0.0295,0.007894736842105263,10,10,0,0,0,0.0
0.0295,0.009473684210526316,10,10,0,0,0,0.0
0.0295,0.011052631578947368,10,10,0,0,0,0.0
0.0295,0.01263157894736842,10,10,0,0,0,0.0
0.0295,0.014210526315789474,10,10,0,0,0,0.0
0.0295,0.015789473684210527,10,10,0,0,0,0.0
0.0295,0.017368421052631578,10,10,0,0,0,0.0
0.0295,0.018947368421052633,10,9,1,0,0,0.1
0.0295,0.020526315789473684,10,10,0,0,0,0.0
0.0295,0.022105263157894735,10,8,2,0,0,0.2
0.0295,0.02368421052631579,10,6,4,0,0,0.4
0.0295,0.02526315789473684,10,3,7,0,0,0.7
0.0295,0.026842105263157896,10,3,7,0,0,0.7
0.0295,0.028421052631578948,10,0,10,0,0,1.0
0.0295,0.03,10,0,10,0,0,1.0
0.0316,0.0,10,10,0,0,0,0.0
0.0316,0.0015789473684210526,10,10,0,0,0,0.0
0.0316,0.003157894736842105,10,10,0,0,0,0.0
0.0316,0.004736842105263158,10,10,0,0,0,0.0
0.0316,0.00631578947368421,10,10,0,0,0,0.0
0.0316,0.007894736842105263,10,10,0,0,0,0.0
0.0316,0.009473684210526316,10,10,0,0,0,0.0
0.0316,0.011052631578947368,10,10,0,0,0,0.0
0.0316,0.01263157894736842,10,10,0,0,0,0.0
0.0316,0.014210526315789474,10,10,0,0,0,0.0
0.0316,0.015789473684210527,10,10,0,0,0,0.0
0.0316,0.017368421052631578,10,10,0,0,0,0.0
0.0316,0.018947368421052633,10,10,0,0,0,0.0
0.0316,0.020526315789473684,10,10,0,0,0,0.0
0.0316,0.022105263157894735,10,10,0,0,0,0.0
0.0316,0.02368421052631579,10,10,0,0,0,0.0
0.0316,0.02526315789473684,10,10,0,0,0,0.0
0.0316,0.026842105263157896,10,10,0,0,0,0.0
0.0316,0.028421052631578948,10,10,0,0,0,0.0
0.0316,0.03,10,10,0,0,0,0.0
0.0337,0.0,10,10,0,0,0,0.0
0.0337,0.0015789473684210526,10,10,0,0,0,0.0
0.0337,0.003157894736842105,10,10,0,0,0,0.0
0.0337,0.004736842105263158,10,10,0,0,0,0.0
0.0337,0.00631578947368421,10,10,0,0,0,0.0
0.0337,0.007894736842105263,10,10,0,0,0,0.0
0.0337,0.009473684210526316,10,10,0,0,0,0.0
0.0337,0.011052631578947368,10,10,0,0,0,0.0
0.0337,0.01263157894736842,10,10,0,0,0,0.0
0.0337,0.014210526315789474,10,10,0,0,0,0.0
0.0337,0.015789473684210527,10,10,0,0,0,0.0
0.0337,0.017368421052631578,10,10,0,0,0,0.0
0.0337,0.018947368421052633,10,10,0,0,0,0.0
0.0337,0.020526315789473684,10,10,0,0,0,0.0
0.0337,0.022105263157894735,10,10,0,0,0,0.0
0.0337,0.02368421052631579,10,10,0,0,0,0.0
0.0337,0.02526315789473684,10,10,0,0,0,0.0
0.0337,0.026842105263157896,10,10,0,0,0,0.0
0.0337,0.028421052631578948,10,10,0,0,0,0.0
0.0337,0.03,10,10,0,0,0,0.0
0.0358,0.0,10,10,0,0,0,0.0
0.0358,0.0015789473684210526,10,10,0,0,0,0.0
0.0358,0.003157894736842105,10,10,0,0,0,0.0
0.0358,0.004736842105263158,10,10,0,0,0,0.0
0.0358,0.00631578947368421,10,10,0,0,0,0.0
0.0358,0.007894736842105263,10,10,0,0,0,0.0
0.0358,0.009473684210526316,10,10,0,0,0,0.0
0.0358,0.011052631578947368,10,10,0,0,0,0.0
0.0358,0.01263157894736842,10,10,0,0,0,0.0
0.0358,0.014210526315789474,10,10,0,0,0,0.0
0.0358,0.015789473684210527,10,10,0,0,0,0.0
0.0358,0.017368421052631578,10,10,0,0,0,0.0
0.0358,0.018947368421052633,10,10,0,0,0,0.0
0.0358,0.020526315789473684,10,10,0,0,0,0.0
0.0358,0.022105263157894735,10,10,0,0,0,0.0
0.0358,0.02368421052631579,10,10,0,0,0,0.0
0.0358,0.02526315789473684,10,10,0,0,0,0.0
0.0358,0.026842105263157896,10,10,0,0,0,0.0
0.0358,0.028421052631578948,10,10,0,0,0,0.0
0.0358,0.03,10,10,0,0,0,0.0
0.0379,0.0,10,10,0,0,0,0.0
0.0379,0.0015789473684210526,10,10,0,0,0,0.0
0.0379,0.003157894736842105,10,10,0,0,0,0.0
0.0379,0.004736842105263158,10,10,0,0,0,0.0
0.0379,0.00631578947368421,10,10,0,0,0,0.0
0.0379,0.007894736842105263,10,10,0,0,0,0.0
0.0379,0.009473684210526316,10,10,0,0,0,0.0
0.0379,0.011052631578947368,10,10,0,0,0,0.0
0.0379,0.01263157894736842,10,10,0,0,0,0.0
0.0379,0.014210526315789474,10,10,0,0,0,0.0
0.0379,0.015789473684210527,10,10,0,0,0,0.0
0.0379,0.017368421052631578,10,10,0,0,0,0.0
0.0379,0.018947368421052633,10,10,0,0,0,0.0
0.0379,0.020526315789473684,10,10,0,0,0,0.0
0.0379,0.022105263157894735,10,10,0,0,0,0.0
0.0379,0.02368421052631579,10,10,0,0,0,0.0
0.0379,0.02526315789473684,10,10,0,0,0,0.0
0.0379,0.026842105263157896,10,10,0,0,0,0.0
0.0379,0.028421052631578948,10,10,0,0,0,0.0
0.0379,0.03,10,10,0,0,0,0.0
0.04,0.0,10,10,0,0,0,0.0
0.04,0.0015789473684210526,10,10,0,0,0,0.0
0.04,0.003157894736842105,10,10,0,0,0,0.0
0.04,0.004736842105263158,10,10,0,0,0,0.0
0.04,0.00631578947368421,10,10,0,0,0,0.0
0.04,0.007894736842105263,10,10,0,0,0,0.0
0.04,0.009473684210526316,10,10,0,0,0,0.0
0.04,0.011052631578947368,10,10,0,0,0,0.0
0.04,0.01263157894736842,10,10,0,0,0,0.0
0.04,0.014210526315789474,10,10,0,0,0,0.0
0.04,0.015789473684210527,10,10,0,0,0,0.0
0.04,0.017368421052631578,10,10,0,0,0,0.0
0.04,0.018947368421052633,10,10,0,0,0,0.0
0.04,0.020526315789473684,10,10,0,0,0,0.0
0.04,0.022105263157894735,10,10,0,0,0,0.0
0.04,0.02368421052631579,10,10,0,0,0,0.0
0.04,0.02526315789473684,10,10,0,0,0,0.0
0.04,0.026842105263157896,10,10,0,0,0,0.0
0.04,0.028421052631578948,10,10,0,0,0,0.0
0.04,0.03,10,10,0,0,0,0.0
