dmu_raw,dmu_scaled_1e3,median,mean,std,rep_1,rep_2,rep_3,rep_4,rep_5,rep_6,rep_7,rep_8,rep_9,rep_10
0.01,10.0,0.4009375,0.40093750000000006,0.0008028270361665718,0.40078125,0.40015625,0.40125,0.400625,0.4,0.40109375,0.4028125,0.40125,0.4,0.40140625
0.010217391304347826,10.217391304347826,0.401796875,0.401765625,0.000884021572488476,0.40171875,0.401875,0.40140625,0.40234375,0.4,0.40078125,0.4021875,0.40140625,0.4028125,0.403125
0.010434782608695653,10.434782608695652,0.401484375,0.4014531249999999,0.0009531249999999965,0.40046875,0.4021875,0.40078125,0.4003125,0.40171875,0.40328125,0.40140625,0.4003125,0.4015625,0.4025
0.010652173913043479,10.652173913043478,0.400859375,0.40151562499999993,0.0015182001319407816,0.40078125,0.40015625,0.4028125,0.4003125,0.4,0.40421875,0.4040625,0.4009375,0.40046875,0.40140625
0.010869565217391304,10.869565217391305,0.40125,0.4011875,0.0006335354666472857,0.4021875,0.400625,0.40140625,0.4021875,0.400625,0.40109375,0.40078125,0.40015625,0.40140625,0.40140625
0.01108695652173913,11.086956521739129,0.401484375,0.40182812500000004,0.001141908524412088,0.404375,0.40171875,0.40109375,0.40046875,0.4015625,0.40296875,0.4028125,0.40109375,0.40078125,0.40140625
0.011304347826086957,11.304347826086957,0.4015625,0.40201562499999993,0.0018012175786464488,0.40578125,0.40046875,0.4,0.404375,0.40015625,0.401875,0.40296875,0.40234375,0.4009375,0.40125
0.011521739130434782,11.521739130434783,0.40156250000000004,0.40190624999999996,0.0019299247070805666,0.4,0.40203125,0.40046875,0.4025,0.40046875,0.40109375,0.40234375,0.40703125,0.400625,0.4025
0.011739130434782608,11.739130434782608,0.401484375,0.4019375,0.0014892190696804846,0.40015625,0.40171875,0.40046875,0.4028125,0.4046875,0.400625,0.40390625,0.40296875,0.40078125,0.40125
0.011956521739130435,11.956521739130435,0.401171875,0.4018750000000001,0.001625300452993224,0.4003125,0.4,0.400625,0.4003125,0.40375,0.40125,0.40109375,0.404375,0.403125,0.40390625
0.01217391304347826,12.17391304347826,0.40109375,0.40146875,0.0011206513173150712,0.4028125,0.40046875,0.40296875,0.40203125,0.40078125,0.4003125,0.40140625,0.40078125,0.4,0.403125
0.012391304347826086,12.391304347826086,0.40132812500000004,0.40159374999999997,0.0014334181176474596,0.40515625,0.40171875,0.4,0.40109375,0.40046875,0.4003125,0.4015625,0.4021875,0.40265625,0.40078125
0.012608695652173913,12.608695652173914,0.40171875,0.401765625,0.0008150500847340532,0.4009375,0.40171875,0.40359375,0.40109375,0.40171875,0.40203125,0.40234375,0.40078125,0.40234375,0.40109375
0.012826086956521739,12.826086956521738,0.400390625,0.400796875,0.0008627773557674024,0.4,0.40015625,0.4003125,0.4009375,0.40140625,0.40265625,0.40046875,0.4,0.40015625,0.401875
0.013043478260869565,13.043478260869565,0.40125,0.401546875,0.0014242768175902422,0.401875,0.4,0.4,0.400625,0.40015625,0.40359375,0.40421875,0.4025,0.4009375,0.4015625
0.013260869565217392,13.260869565217392,0.40132812500000004,0.4013593749999999,0.0011651892617188808,0.4003125,0.40171875,0.4003125,0.4,0.4009375,0.40015625,0.40171875,0.40234375,0.40234375,0.40375
0.013478260869565217,13.478260869565217,0.40109375,0.40115625,0.0008064679937852414,0.40109375,0.40234375,0.4,0.4003125,0.40078125,0.40265625,0.40109375,0.40046875,0.4015625,0.40125
0.013695652173913043,13.695652173913043,0.401875,0.40173437500000003,0.0011036383366506415,0.403125,0.4009375,0.40296875,0.400625,0.40015625,0.4003125,0.4021875,0.40296875,0.4015625,0.4025
0.01391304347826087,13.913043478260871,0.40125,0.40170312499999994,0.0014912668953359714,0.40328125,0.400625,0.4,0.40171875,0.40453125,0.40078125,0.4003125,0.40296875,0.40015625,0.40265625
0.014130434782608696,14.130434782608695,0.400859375,0.401078125,0.0007003417134692165,0.4015625,0.40046875,0.40109375,0.40203125,0.400625,0.400625,0.40015625,0.40203125,0.401875,0.4003125
0.014347826086956521,14.347826086956522,0.40140625,0.40171875,0.0012865743031399324,0.40390625,0.40234375,0.4,0.40015625,0.40140625,0.40109375,0.40234375,0.40375,0.40078125,0.40140625
0.014565217391304348,14.565217391304348,0.401484375,0.40182812500000004,0.0013295947749690448,0.4025,0.40203125,0.400625,0.40484375,0.40109375,0.400625,0.40328125,0.4015625,0.4003125,0.40140625
0.014782608695652174,14.782608695652174,0.400625,0.40115625,0.0014710752869924746,0.4,0.400625,0.40015625,0.4040625,0.400625,0.4,0.40390625,0.4,0.40125,0.4009375
0.015,15.0,0.40109375,0.40121875000000007,0.0012018052826893314,0.4003125,0.4,0.4015625,0.40015625,0.40078125,0.40203125,0.4,0.4040625,0.401875,0.40140625
0.015217391304347827,15.217391304347826,0.40125,0.4014375,0.0012535106950082196,0.4009375,0.40015625,0.401875,0.404375,0.4015625,0.40046875,0.400625,0.4025,0.401875,0.4
0.015434782608695652,15.434782608695652,0.4009375,0.401296875,0.001045941748198717,0.40125,0.4021875,0.4003125,0.40046875,0.4009375,0.4009375,0.4040625,0.4009375,0.40125,0.400625
0.01565217391304348,15.65217391304348,0.40117187499999996,0.401546875,0.0014681681028155518,0.403125,0.4015625,0.40515625,0.40046875,0.40078125,0.40046875,0.4015625,0.40015625,0.40171875,0.40046875
0.015869565217391305,15.869565217391305,0.401015625,0.4018125,0.0018687395484657517,0.40140625,0.40109375,0.400625,0.4003125,0.4009375,0.40234375,0.4065625,0.400625,0.40375,0.40046875
0.01608695652173913,16.08695652173913,0.401171875,0.401046875,0.000895000218226226,0.4015625,0.40015625,0.40140625,0.4015625,0.4009375,0.4,0.40015625,0.40265625,0.40203125,0.4
0.016304347826086956,16.304347826086957,0.400703125,0.40109374999999997,0.0009084026158592893,0.40125,0.4,0.40078125,0.400625,0.4003125,0.40140625,0.4028125,0.40046875,0.40265625,0.400625
0.01652173913043478,16.52173913043478,0.40031249999999996,0.40062499999999995,0.0008297448779594816,0.400625,0.40015625,0.40015625,0.40015625,0.40296875,0.400625,0.4,0.40046875,0.4009375,0.40015625
0.016739130434782607,16.739130434782606,0.40117187499999996,0.34715625,0.0756219911591529,0.40046875,0.27578125,0.40265625,0.4028125,0.40359375,0.20390625,0.401875,0.40328125,0.345,0.2321875
0.016956521739130436,16.956521739130437,0.183046875,0.18739062499999998,0.04732606156776227,0.22734375,0.11921875,0.29,0.15140625,0.2128125,0.1621875,0.2059375,0.195625,0.17046875,0.13890625
0.01717391304347826,17.17391304347826,0.0,0.008734374999999999,0.026203124999999997,0.0,0.0,0.0,0.0,0.0,0.0,0.0,0.0,0.0,0.08734375
0.017391304347826087,17.391304347826086,0.0,0.0,0.0,0.0,0.0,0.0,0.0,0.0,0.0,0.0,0.0,0.0,0.0
0.017608695652173913,17.608695652173914,0.0,0.0,0.0,0.0,0.0,0.0,0.0,0.0,0.0,0.0,0.0,0.0,0.0
0.017826086956521738,17.82608695652174,0.0,0.0,0.0,0.0,0.0,0.0,0.0,0.0,0.0,0.0,0.0,0.0,0.0
0.018043478260869564,18.043478260869563,0.0,0.0,0.0,0.0,0.0,0.0,0.0,0.0,0.0,0.0,0.0,0.0,0.0
0.018260869565217393,18.260869565217394,0.0,0.0,0.0,0.0,0.0,0.0,0.0,0.0,0.0,0.0,0.0,0.0,0.0
0.01847826086956522,18.47826086956522,0.0,0.0,0.0,0.0,0.0,0.0,0.0,0.0,0.0,0.0,0.0,0.0,0.0
0.018695652173913044,18.695652173913043,0.0,0.0,0.0,0.0,0.0,0.0,0.0,0.0,0.0,0.0,0.0,0.0,0.0
0.01891304347826087,18.91304347826087,0.0,0.0,0.0,0.0,0.0,0.0,0.0,0.0,0.0,0.0,0.0,0.0,0.0
0.019130434782608695,19.130434782608695,0.0,0.0,0.0,0.0,0.0,0.0,0.0,0.0,0.0,0.0,0.0,0.0,0.0
0.01934782608695652,19.34782608695652,0.0,0.0,0.0,0.0,0.0,0.0,0.0,0.0,0.0,0.0,0.0,0.0,0.0
0.01956521739130435,19.565217391304348,0.0,0.0,0.0,0.0,0.0,0.0,0.0,0.0,0.0,0.0,0.0,0.0,0.0
0.019782608695652175,19.782608695652176,0.0,0.0,0.0,0.0,0.0,0.0,0.0,0.0,0.0,0.0,0.0,0.0,0.0
0.02,20.0,0.0,0.0,0.0,0.0,0.0,0.0,0.0,0.0,0.0,0.0,0.0,0.0,0.0
0.020217391304347826,20.217391304347824,0.0,0.0,0.0,0.0,0.0,0.0,0.0,0.0,0.0,0.0,0.0,0.0,0.0
0.02043478260869565,20.434782608695652,0.0,0.0,0.0,0.0,0.0,0.0,0.0,0.0,0.0,0.0,0.0,0.0,0.0
0.020652173913043477,20.652173913043477,0.0,0.0,0.0,0.0,0.0,0.0,0.0,0.0,0.0,0.0,0.0,0.0,0.0
0.020869565217391306,20.869565217391305,0.0,0.0,0.0,0.0,0.0,0.0,0.0,0.0,0.0,0.0,0.0,0.0,0.0
0.02108695652173913,21.086956521739133,0.0,0.0,0.0,0.0,0.0,0.0,0.0,0.0,0.0,0.0,0.0,0.0,0.0
0.021304347826086957,21.304347826086957,0.0,0.0,0.0,0.0,0.0,0.0,0.0,0.0,0.0,0.0,0.0,0.0,0.0
0.021521739130434783,21.52173913043478,0.0,0.0,0.0,0.0,0.0,0.0,0.0,0.0,0.0,0.0,0.0,0.0,0.0
0.021739130434782608,21.73913043478261,0.0,0.0,0.0,0.0,0.0,0.0,0.0,0.0,0.0,0.0,0.0,0.0,0.0
0.021956521739130434,21.956521739130434,0.0,0.0,0.0,0.0,0.0,0.0,0.0,0.0,0.0,0.0,0.0,0.0,0.0
0.02217391304347826,22.173913043478258,0.0,0.0,0.0,0.0,0.0,0.0,0.0,0.0,0.0,0.0,0.0,0.0,0.0
0.022391304347826088,22.39130434782609,0.0,0.0,0.0,0.0,0.0,0.0,0.0,0.0,0.0,0.0,0.0,0.0,0.0
0.022608695652173914,22.608695652173914,0.0,0.0,0.0,0.0,0.0,0.0,0.0,0.0,0.0,0.0,0.0,0.0,0.0
0.02282608695652174,22.82608695652174,0.0,0.0,0.0,0.0,0.0,0.0,0.0,0.0,0.0,0.0,0.0,0.0,0.0
0.023043478260869565,23.043478260869566,0.0,0.0,0.0,0.0,0.0,0.0,0.0,0.0,0.0,0.0,0.0,0.0,0.0
0.02326086956521739,23.26086956521739,0.0,0.0,0.0,0.0,0.0,0.0,0.0,0.0,0.0,0.0,0.0,0.0,0.0
0.023478260869565216,23.478260869565215,0.0,0.0,0.0,0.0,0.0,0.0,0.0,0.0,0.0,0.0,0.0,0.0,0.0
0.023695652173913045,23.695652173913043,0.0,0.0,0.0,0.0,0.0,0.0,0.0,0.0,0.0,0.0,0.0,0.0,0.0
0.02391304347826087,23.91304347826087,0.0,0.0,0.0,0.0,0.0,0.0,0.0,0.0,0.0,0.0,0.0,0.0,0.0
0.024130434782608696,24.130434782608695,0.0,0.0,0.0,0.0,0.0,0.0,0.0,0.0,0.0,0.0,0.0,0.0,0.0
0.02434782608695652,24.34782608695652,0.0,0.0,0.0,0.0,0.0,0.0,0.0,0.0,0.0,0.0,0.0,0.0,0.0
0.024565217391304347,24.565217391304348,0.0,0.0,0.0,0.0,0.0,0.0,0.0,0.0,0.0,0.0,0.0,0.0,0.0
0.024782608695652172,24.782608695652172,0.0,0.0,0.0,0.0,0.0,0.0,0.0,0.0,0.0,0.0,0.0,0.0,0.0
0.025,25.0,0.0,0.0,0.0,0.0,0.0,0.0,0.0,0.0,0.0,0.0,0.0,0.0,0.0
